team_abbr,full_name
ATL,Atlanta Hawks
BOS,Boston Celtics
BKN,Brooklyn Nets
BKN,New Jersey Nets
CHA,Charlotte Hornets
CHA,Charlotte Bobcats
CHI,Chicago Bulls
CLE,Cleveland Cavaliers
DAL,Dallas Mavericks
DEN,Denver Nuggets
DET,Detroit Pistons
GSW,Golden State Warriors
HOU,Houston Rockets
IND,Indiana Pacers
LAC,Los Angeles Clippers
LAL,Los Angeles Lakers
MEM,Memphis Grizzlies
MIA,Miami Heat
MIL,Milwaukee Bucks
MIN,Minnesota Timberwolves
NOP,New Orleans Pelicans
NOP,New Orleans Hornets
NOP,New Orleans/Oklahoma City Hornets
NYK,New York Knicks
OKC,Oklahoma City Thunder
OKC,Seattle SuperSonics
ORL,Orlando Magic
PHI,Philadelphia 76ers
PHX,Phoenix Suns
POR,Portland Trail Blazers
SAC,Sacramento Kings
SAS,San Antonio Spurs
TOR,Toronto Raptors
UTA,Utah Jazz
WAS,Washington Wizards